{
    "input_size": [
        1,
        48,
        48
    ],
    "num_classes": 7,
    "class_names": [
        "angry",
        "disgust",
        "fear",
        "happy",
        "neutral",
        "sad",
        "surprise"
    ],
    "architecture": "EmotionCNNDeep",
    "best_val_acc": 64.9748743718593,
    "best_macro_f1": 0.6330346930601609,
    "test_acc": 64.41905823349123,
    "timestamp": "20260308_165826"
}