{
    "train_loss": [
        1.8303149637345724,
        1.7110479897453532,
        1.6430051571048097,
        1.597497825629906,
        1.5757032810998808,
        1.5534386741361927,
        1.5324499632801591,
        1.5099064352332352,
        1.5058381039482787,
        1.4845156289396007,
        1.4668294002168536,
        1.4337268051087213,
        1.413589017508761,
        1.3959313534624955,
        1.3719576165562235,
        1.3390985757617626,
        1.319756726454513,
        1.306529051809355,
        1.2846931778411101,
        1.268748107878563,
        1.2496822483734285,
        1.2457645680577436,
        1.2189147507281075,
        1.2020803088399772,
        1.1893941873945697,
        1.1759069925647672,
        1.1608817338576118,
        1.1544837607257354,
        1.139534525860256,
        1.1298734475908736,
        1.1261610977454986,
        1.110018797023638,
        1.1065940471202456,
        1.0972024640427165,
        1.0881341359648389,
        1.0896491207216847,
        1.081174653098102,
        1.075667223136855,
        1.0692952222008552,
        1.0698255448385454,
        1.0585974083843144,
        1.0601226548751808,
        1.0546566404069333,
        1.0571195012064671,
        1.041478260915342,
        1.011011018591412,
        1.003512711389039,
        0.9879629140825962,
        0.9780513231853492,
        0.9715228601486547
    ],
    "train_acc": [
        24.796375728950792,
        30.12193358716083,
        33.92452648320401,
        36.53188105450865,
        37.703021832377466,
        38.276543447877,
        39.394669622632414,
        39.73685478818256,
        40.054942406862985,
        41.385126994072,
        42.90327244686491,
        44.074413224733725,
        45.32266615258567,
        46.05523157742542,
        47.3179430333992,
        48.691503204973735,
        49.73251722974601,
        49.910839076582,
        51.04342377945925,
        51.679599016820085,
        52.93267145404598,
        53.27003711022218,
        54.10863174128874,
        54.720709431779845,
        55.385801725384354,
        56.33042556267772,
        56.513566918887655,
        56.54730348450528,
        57.04853245939563,
        57.535302906164155,
        57.54976143428599,
        58.52812183719697,
        58.34498048098703,
        58.86066798399923,
        59.337799412019855,
        59.4582871463685,
        59.2269506964191,
        59.405272543255094,
        59.81493084004048,
        59.906501518145454,
        60.52821822738445,
        59.84384789628416,
        60.57159381174996,
        60.388452455540026,
        60.827027808569085,
        62.13793435828233,
        62.19576847076968,
        62.94279242373126,
        63.366909248638486,
        63.415104342377944
    ],
    "val_loss": [
        1.7536001066606208,
        1.5508847557397252,
        1.497577079089291,
        1.4591007340385254,
        1.4111580267009964,
        1.3962465773624588,
        1.3819446548161258,
        1.351877625448158,
        1.336135044933323,
        1.370069582538911,
        1.312511995374917,
        1.3037361038257798,
        1.276247584795856,
        1.2455482969442047,
        1.2352876505219792,
        1.2172733763135581,
        1.1806702243994518,
        1.1690541920532662,
        1.159966906988956,
        1.2326321116532666,
        1.1192427875406772,
        1.140135462085406,
        1.1098204645287082,
        1.0901256832013648,
        1.124231523658377,
        1.0889773990614826,
        1.0611041485664834,
        1.092720449868455,
        1.0754970016489067,
        1.053750107984945,
        1.0452360157147949,
        1.0492556230969219,
        1.0935262416500644,
        1.0466076330128444,
        1.0611510425806046,
        1.078827426465879,
        1.0291524521677369,
        1.0696526537817646,
        1.013434296212043,
        1.0543235367440795,
        1.0314302142245702,
        1.0272388034556286,
        1.0405188919190902,
        1.023327459771949,
        1.0137894214037433,
        0.9872006406506382,
        1.0074772133405907,
        0.984370472889588,
        0.9800874497816265,
        0.9880524229213415
    ],
    "val_acc": [
        30.48994974874372,
        35.778894472361806,
        42.48743718592965,
        42.82663316582914,
        46.16834170854271,
        45.84170854271357,
        46.595477386934675,
        47.185929648241206,
        48.14070351758794,
        46.88442211055276,
        48.881909547738694,
        48.94472361809045,
        51.0678391959799,
        52.36180904522613,
        52.92713567839196,
        53.41708542713568,
        55.37688442211055,
        55.20100502512563,
        56.05527638190955,
        53.9070351758794,
        57.51256281407035,
        55.879396984924625,
        58.42964824120603,
        58.83165829145729,
        57.06030150753769,
        58.32914572864322,
        59.685929648241206,
        58.969849246231156,
        58.869346733668344,
        59.92462311557789,
        59.84924623115578,
        60.37688442211055,
        59.30904522613066,
        60.95477386934673,
        60.74120603015076,
        60.11306532663317,
        61.92211055276382,
        60.527638190954775,
        61.54522613065327,
        61.10552763819096,
        61.85929648241206,
        61.4070351758794,
        61.30653266331658,
        62.537688442211056,
        62.537688442211056,
        63.32914572864322,
        62.96482412060301,
        63.66834170854271,
        63.630653266331656,
        63.81909547738694
    ]
}